﻿<Window 
        xmlns="http://schemas.microsoft.com/winfx/2006/xaml/presentation"
        xmlns:x="http://schemas.microsoft.com/winfx/2006/xaml"
        xmlns:d="http://schemas.microsoft.com/expression/blend/2008"
        xmlns:mc="http://schemas.openxmlformats.org/markup-compatibility/2006"
        Title="MainWindow" Height="900" Width="1500" Visibility="Visible">
    <Window.Background>
        <ImageBrush/>
    </Window.Background>
    <Grid Background="{DynamicResource {x:Static SystemColors.ActiveCaptionBrushKey}}">
        <TabControl HorizontalAlignment="Left" Height="868" Margin="0,0,0,0" VerticalAlignment="Top" Width="1490">
            <TabItem Header="Home">
                <Grid Background="#FFE5E5E5">
                    <!-- ### DHCP COLUMN ### -->
                    <ListView HorizontalAlignment="Left" Background="AliceBlue"  Height="430" Margin="10,10,0,0" VerticalAlignment="Top" Width="140">
                        <ListViewItem FontWeight="Bold" Background="Azure">DHCP SERVERS</ListViewItem>
                        <ListViewItem Background="LightGreen">JAXDHCP1</ListViewItem>
                        <ListViewItem Background="LightYellow">JAXVNDHCP1</ListViewItem>
                        <ListViewItem Background="Red">PHLDHCP1 (.224)</ListViewItem>
                        <ListViewItem>PHLDHCP1 (.152)</ListViewItem>
                        <ListViewItem>PHLVNDHCP1</ListViewItem>
                    </ListView>
                    <!-- ### DNS COLUMN ### -->
                    <ListView HorizontalAlignment="Left" Background="AliceBlue"  Height="430" Margin="160,10,0,0" VerticalAlignment="Top" Width="140">
                        <ListViewItem FontWeight="Bold" Background="Azure">DNS SERVERS</ListViewItem>
                        <ListViewItem Background="LightGreen">JAXDHCP1</ListViewItem>
                        <ListViewItem Background="LightYellow">JAXVNDHCP1</ListViewItem>
                        <ListViewItem Background="Red">PHLDHCP1 (.224)</ListViewItem>
                        <ListViewItem>PHLDHCP1 (.152)</ListViewItem>
                        <ListViewItem>PHLVNDHCP1</ListViewItem>
                    </ListView>
                    <!-- ### Citrix COLUMN ### -->
                    <ListView HorizontalAlignment="Left" Background="AliceBlue"  Height="430" Margin="310,10,0,0" VerticalAlignment="Top" Width="140">
                        <ListViewItem FontWeight="Bold" Background="Azure">CITRIX SERVERS</ListViewItem>
                        <ListViewItem Background="LightGreen">JAXDHCP1</ListViewItem>
                        <ListViewItem Background="LightYellow">JAXVNDHCP1</ListViewItem>
                        <ListViewItem Background="Red">PHLDHCP1 (.224)</ListViewItem>
                        <ListViewItem>PHLDHCP1 (.152)</ListViewItem>
                        <ListViewItem>PHLVNDHCP1</ListViewItem>
                    </ListView>
                    <!-- ### VMWARE COLUMN ### -->
                    <ListView HorizontalAlignment="Left" Background="AliceBlue"  Height="430" Margin="460,10,0,0" VerticalAlignment="Top" Width="140">
                        <ListViewItem FontWeight="Bold" Background="Azure">VMWARE SERVERS</ListViewItem>
                        <ListViewItem Background="LightGreen">JAXDHCP1</ListViewItem>
                        <ListViewItem Background="LightYellow">JAXVNDHCP1</ListViewItem>
                        <ListViewItem Background="Red">PHLDHCP1 (.224)</ListViewItem>
                        <ListViewItem>PHLDHCP1 (.152)</ListViewItem>
                        <ListViewItem>PHLVNDHCP1</ListViewItem>
                    </ListView>
                    <!-- ### VOICE COLUMN ### -->
                    <ListView HorizontalAlignment="Left" Background="AliceBlue"  Height="430" Margin="610,10,0,0" VerticalAlignment="Top" Width="140">
                        <ListViewItem FontWeight="Bold" Background="Azure">VOICE SERVERS</ListViewItem>
                        <ListViewItem Background="LightGreen">JAXDHCP1</ListViewItem>
                        <ListViewItem Background="LightYellow">JAXVNDHCP1</ListViewItem>
                        <ListViewItem Background="Red">PHLDHCP1 (.224)</ListViewItem>
                        <ListViewItem>PHLDHCP1 (.152)</ListViewItem>
                        <ListViewItem>PHLVNDHCP1</ListViewItem>
                    </ListView>
                    <!-- ### EXCHANGE COLUMN ### -->
                    <ListView HorizontalAlignment="Left" Background="AliceBlue"  Height="430" Margin="760,10,0,0" VerticalAlignment="Top" Width="140">
                        <ListViewItem FontWeight="Bold" Background="Azure">EXCHANGE SERVERS</ListViewItem>
                        <ListViewItem Background="LightGreen">JAXDHCP1</ListViewItem>
                        <ListViewItem Background="LightYellow">JAXVNDHCP1</ListViewItem>
                        <ListViewItem Background="Red">PHLDHCP1 (.224)</ListViewItem>
                        <ListViewItem>PHLDHCP1 (.152)</ListViewItem>
                        <ListViewItem>PHLVNDHCP1</ListViewItem>
                    </ListView>
                    <!-- ### UNUSED COLUMN ### -->
                    <ListView HorizontalAlignment="Left" Background="AliceBlue"  Height="430" Margin="910,10,0,0" VerticalAlignment="Top" Width="140">
                        <ListViewItem FontWeight="Bold" Background="Azure">UNUSED</ListViewItem>
                        <ListViewItem Background="LightGreen"></ListViewItem>
                        <ListViewItem Background="LightYellow"></ListViewItem>
                        <ListViewItem Background="Red"></ListViewItem>
                        <ListViewItem></ListViewItem>
                        <ListViewItem></ListViewItem>
                    </ListView>
                    <!-- ### UNUSED COLUMN ### -->
                    <ListView HorizontalAlignment="Left" Background="AliceBlue"  Height="430" Margin="1060,10,0,0" VerticalAlignment="Top" Width="140">
                        <ListViewItem FontWeight="Bold" Background="Azure">UNUSED</ListViewItem>
                        <ListViewItem Background="LightGreen"></ListViewItem>
                        <ListViewItem Background="LightYellow"></ListViewItem>
                        <ListViewItem Background="Red"></ListViewItem>
                        <ListViewItem></ListViewItem>
                        <ListViewItem></ListViewItem>
                    </ListView>
                    <!-- ### UNUSED COLUMN ### -->
                    <ListView HorizontalAlignment="Left" Background="AliceBlue"  Height="430" Margin="1210,10,0,0" VerticalAlignment="Top" Width="140">
                        <ListViewItem FontWeight="Bold" Background="Azure">UNUSED</ListViewItem>
                        <ListViewItem Background="LightGreen"></ListViewItem>
                        <ListViewItem Background="LightYellow"></ListViewItem>
                        <ListViewItem Background="Red"></ListViewItem>
                        <ListViewItem></ListViewItem>
                        <ListViewItem></ListViewItem>
                    </ListView>
                    <Image HorizontalAlignment="Left" Height="430" Margin="1362,10,0,0" VerticalAlignment="Top" Width="110"/>
                    <Rectangle Fill="#FFF4F4F5" HorizontalAlignment="Left" Height="385" Margin="10,445,0,0" Stroke="Black" VerticalAlignment="Top" Width="1464"/>
                    <Image HorizontalAlignment="Left"  Height="150" Margin="39,480,0,0" VerticalAlignment="Top" Width="166"/>
                    <Label Content="Label" HorizontalAlignment="Left" Margin="99,454,0,0" VerticalAlignment="Top"/>
                    <Image x:Name="Home" HorizontalAlignment="Left" Source="gray868x1550.png" Opacity=".5" Height="830" Margin="0,0,0,0" VerticalAlignment="Top" Width="1490"/>
                    <ProgressBar x:Name="Pbar" HorizontalAlignment="Left" Height="50" Value="0" Margin="500,420,0,0" VerticalAlignment="Top" Width="500"/>
                    <Label Content="Please wait collecting status information.." HorizontalAlignment="Left" FontWeight="Bold" Margin="650,380,0,0" VerticalAlignment="Top"/>
                </Grid>
            </TabItem>
            <!-- ######## NEW TAB SEPARATOR ############################################################################################################### -->
            <!-- ###########################################################################################################################################-->
            <TabItem Header="DHCP">
                <Grid Background="#FFE5E5E5"/>
            </TabItem>
            <!-- ######## NEW TAB SEPARATOR ############################################################################################################### -->
            <!-- ###########################################################################################################################################-->
            <TabItem Header="DNS">
                <Grid Background="#FFE5E5E5"/>
            </TabItem>
            <!-- ######## NEW TAB SEPARATOR ############################################################################################################### -->
            <!-- ###########################################################################################################################################-->
            <TabItem Header="Citrix">
                <Grid Background="#FFE5E5E5"/>
            </TabItem>
            <!-- ######## NEW TAB SEPARATOR ############################################################################################################### -->
            <!-- ###########################################################################################################################################-->
            <TabItem Header="Vmware">
                <Grid Background="#FFE5E5E5"/>
            </TabItem>
            <!-- ######## NEW TAB SEPARATOR ############################################################################################################### -->
            <!-- ###########################################################################################################################################-->
            <TabItem Header="Voice">
                <Grid Background="#FFE5E5E5"/>
            </TabItem>
            <!-- ######## NEW TAB SEPARATOR ############################################################################################################### -->
            <!-- ###########################################################################################################################################-->
            <TabItem Header="Exchange">
                <Grid Background="#FFE5E5E5"/>
            </TabItem>
            <!-- ######## NEW TAB SEPARATOR ############################################################################################################### -->
            <!-- ###########################################################################################################################################-->
            <TabItem Header="Unused">
                <Grid Background="#FFE5E5E5"/>
            </TabItem>
            <!-- ######## NEW TAB SEPARATOR ############################################################################################################### -->
            <!-- ###########################################################################################################################################-->
            <TabItem Header="Unused">
                <Grid Background="#FFE5E5E5"/>
            </TabItem>
            <!-- ######## NEW TAB SEPARATOR ############################################################################################################### -->
            <!-- ###########################################################################################################################################-->
            <TabItem Header="Unused">
                <Grid Background="#FFE5E5E5"/>
            </TabItem>
            <!-- ######## NEW TAB SEPARATOR ############################################################################################################### -->
            <!-- ###########################################################################################################################################-->
            <TabItem Header="Unused">
                <Grid Background="#FFE5E5E5"/>
            </TabItem>
            <!-- ######## NEW TAB SEPARATOR ############################################################################################################### -->
            <!-- ###########################################################################################################################################-->
        </TabControl>

    </Grid>
</Window>
